Workbook

Sheet Risultati
A1: ⚽ CALENDARIO & RISULTATI — 5 GIORNATE / 60 PARTITE
A2: GG | B2: DATA | C2: CASA | D2: GOL | E2: — | F2: GOL | G2: TRASFERTA | H2: NOTE | I2: MVP NOME | J2: MVP SQUADRA
A3: ━━━━━━━━━━━━ GIORNATA 1 ━━━━━━━━━━━━
A4: 1 | B4: 46176 | C4: MAROCCO | D4: 5 | E4: : | F4: 1 | G4: SVIZZERA | H4: 20:00/21:00 | I4: LUCA MASCIOLI | J4: MAROCCO
A5: 1 | B5: 46176 | C5: BRASILE | D5: 3 | E5: : | F5: 3 | G5: ARGENTINA | H5: 21:00/22:00 | I5: GABRIELE MIZZONI | J5: BRASILE
A6: 1 | B6: 46176 | C6: ECUADOR | D6: 4 | E6: : | F6: 7 | G6: MESSICO | H6: 22:00/23:00 | I6: CHRISTIAN FERRANTE | J6: MESSICO
A7: 1 | B7: 46177 | C7: SPAGNA | D7: 5 | E7: : | F7: 5 | G7: GERMANIA | H7: 20:00/21:00 | I7: DAMIANO FRATINI | J7: GERMANIA
A8: 1 | B8: 46177 | C8: NORVEGIA | D8: 2 | E8: : | F8: 1 | G8: JAMAICA | H8: 21:00/22:00 | I8: ANTONIO PROIETTI | J8: NORVEGIA
A9: 1 | B9: 46177 | C9: COSTA D'AVORIO | D9: 5 | E9: : | F9: 3 | G9: GIAPPONE | H9: 22:00/23:00 | I9: SIMONE TANI | J9: COSTA D'AVORIO
A10: 1 | B10: 46178 | C10: OLANDA | D10: 11 | E10: : | F10: 2 | G10: ALGERIA | H10: 20:00/21:00 | I10: PIERLUIGI PAOLACCI | J10: OLANDA
A11: 1 | B11: 46178 | C11: PORTOGALLO | D11: 2 | E11: : | F11: 3 | G11: INGHILTERRA | H11: 21:00/22:00 | I11: NICOLÒ CIARAGLIA | J11: INGHILTERRA
A12: 1 | B12: 46178 | C12: ITALIA | D12: 11 | E12: : | F12: 2 | G12: URUGUAY | H12: 22:00/23:00 | I12: MICHAEL PIRO | J12: ITALIA
A13: 1 | B13: 46181 | C13: USA | D13: 3 | E13: : | F13: 2 | G13: NUOVA ZELANDA | H13: 20:00/21:00 | I13: FRANCESCO MARIANI | J13: USA
A14: 1 | B14: 46181 | C14: FRANCIA | D14: 4 | E14: : | F14: 9 | G14: QATAR | H14: 21:00/22:00 | I14: FRANCESCO CATANI | J14: QATAR
A15: 1 | B15: 46181 | C15: SCOZIA | D15: 4 | E15: : | F15: 7 | G15: COLOMBIA | H15: 22:00/23:00 | I15: ANDREA CHILORIO | J15: COLOMBIA
A16: ━━━━━━━━━━━━ GIORNATA 2 ━━━━━━━━━━━━
A17: 2 | B17: 46182 | C17: SPAGNA | D17: 3 | E17: : | F17: 3 | G17: MESSICO | H17: 20:00/21:00 | I17: FEDERICO GIULITTI | J17: SPAGNA
A18: 2 | B18: 46182 | C18: ARGENTINA | D18: 2 | E18: : | F18: 1 | G18: NORVEGIA | H18: 21:00/22:00 | I18: ROBERT BANITA | J18: ARGENTINA
A19: 2 | B19: 46182 | C19: JAMAICA | D19: 1 | E19: : | F19: 3 | G19: GIAPPONE | H19: 22:00/23:00 | I19: LUCA MANTOVANI | J19: GIAPPONE
A20: 2 | B20: 46183 | C20: COSTA D'AVORIO | D20: 10 | E20: : | F20: 5 | G20: NUOVA ZELANDA | H20: 20:00/21:00 | I20: ALESSIO VIRDIS | J20: COSTA D'AVORIO
A21: 2 | B21: 46183 | C21: INGHILTERRA | D21: 3 | E21: : | F21: 4 | G21: ALGERIA | H21: 21:00/22:00 | I21: RICCARDO CORTELLESSA | J21: ALGERIA
A22: 2 | B22: 46183 | C22: ITALIA | D22: 4 | E22: : | F22: 4 | G22: OLANDA | H22: 22:00/23:00 | I22: ERIK VASTA | J22: ITALIA
A23: 2 | B23: 46184 | C23: PORTOGALLO | D23: 4 | E23: : | F23: 2 | G23: SVIZZERA | H23: 20:00/21:00 | I23: NICHOLAS MONOPOLI | J23: PORTOGALLO
A24: 2 | B24: 46184 | C24: BRASILE | D24: 5 | E24: : | F24: 1 | G24: COLOMBIA | H24: 21:00/22:00 | I24: DENNYS SAVI | J24: BRASILE
A25: 2 | B25: 46184 | C25: MAROCCO | D25: 4 | E25: : | F25: 3 | G25: SCOZIA | H25: 22:00/23:00 | I25: ALESSANDRO MOSTACCI | J25: MAROCCO
A26: 2 | B26: 46185 | C26: USA | D26: 5 | E26: : | F26: 8 | G26: QATAR | H26: 20:00/21:00 | I26: MARCO FALASCA | J26: QATAR
A27: 2 | B27: 46185 | C27: ECUADOR | D27: 6 | E27: : | F27: 5 | G27: FRANCIA | H27: 21:00/22:00 | I27: ANDREA FERRANTE | J27: ECUADOR
A28: 2 | B28: 46185 | C28: URUGUAY | D28: 2 | E28: : | F28: 7 | G28: GERMANIA | H28: 22:00/23:00 | I28: EDOARDO DAL MONTE | J28: GERMANIA
A29: ━━━━━━━━━━━━ GIORNATA 3 ━━━━━━━━━━━━
A30: 3 | B30: 46188 | C30: MESSICO | D30: 6 | E30: : | F30: 2 | G30: INGHILTERRA | H30: 20:00/21:00 | I30: RICCARDO CIPOLLONI | J30: MESSICO
A31: 3 | B31: 46188 | C31: SPAGNA | D31: 7 | E31: : | F31: 2 | G31: GIAPPONE | H31: 21:00/22:00 | I31: FEDERICO GIULITTI | J31: SPAGNA
A32: 3 | B32: 46188 | C32: PORTOGALLO | D32: 3 | E32: : | F32: 3 | G32: ALGERIA | H32: 22:00/23:00 | I32: ALESSANDRO SANTIA | J32: ALGERIA
A33: 3 | B33: 46189 | C33: ARGENTINA | D33: 4 | E33: : | F33: 5 | G33: SCOZIA | H33: 20:00/21:00 | I33: RICHARD KOEPKE | J33: SCOZIA
A34: 3 | B34: 46189 | C34: ITALIA | D34: 2 | E34: : | F34: 2 | G34: QATAR | H34: 21:00/22:00 | I34: EDOARDO MANTOVANI | J34: QATAR
A35: 3 | B35: 46189 | C35: BRASILE | D35: 5 | E35: : | F35: 2 | G35: NORVEGIA | H35: 22:00/23:00 | I35: CRISTIANO CECCHINI | J35: BRASILE
A36: 3 | B36: 46190 | C36: USA | D36: 3 | E36: : | F36: 4 | G36: FRANCIA | H36: 20:00/21:00 | I36: GIANMARCO SCAROZZA | J36: FRANCIA
A37: 3 | B37: 46190 | C37: ECUADOR | D37: 1 | E37: : | F37: 2 | G37: COLOMBIA | H37: 21:00/22:00 | I37: LORENZO FREZZOTTI | J37: COLOMBIA
A38: 3 | B38: 46190 | C38: SVIZZERA | D38: 10 | E38: : | F38: 4 | G38: NUOVA ZELANDA | H38: 22:00/23:00 | I38: ALESSIO CARDELLINI | J38: SVIZZERA
A39: 3 | B39: 46191 | C39: COSTA D'AVORIO | D39: 10 | E39: : | F39: 1 | G39: JAMAICA | H39: 20:00/21:00 | I39: PIETRO PERA | J39: COSTA D'AVORIO
A40: 3 | B40: 46191 | C40: MAROCCO | D40: 9 | E40: : | F40: 1 | G40: GERMANIA | H40: 21:00/22:00 | I40: RIDA ECH CHOUBY | J40: MAROCCO
A41: 3 | B41: 46191 | C41: URUGUAY | D41: 1 | E41: : | F41: 5 | G41: OLANDA | H41: 22:00/23:00 | I41: LORENZO BARI | J41: OLANDA
A42: ━━━━━━━━━━━━ GIORNATA 4 ━━━━━━━━━━━━
A43: 4 | B43: 46192 | C43: MESSICO | D43: 8 | E43: : | F43: 5 | G43: QATAR | H43: 20:00/21:00 | I43: EMANUELE D'ANTONI | J43: MESSICO
A44: 4 | B44: 46192 | C44: NORVEGIA | D44: 4 | E44: : | F44: 8 | G44: GIAPPONE | H44: 21:00/22:00 | I44: DIEGO ZACCARIA | J44: GIAPPONE
A45: 4 | B45: 46192 | C45: ITALIA | D45: 5 | E45: : | F45: 2 | G45: BRASILE | H45: 22:00/23:00 | I45: DANIELE PASTORELLI | J45: ITALIA
A46: 4 | B46: 46195 | C46: NUOVA ZELANDA | D46: 1 | E46: : | F46: 4 | G46: SCOZIA | H46: 20:00/21:00 | I46: FLAVIO ARCIERI | J46: SCOZIA
A47: 4 | B47: 46195 | C47: SVIZZERA | D47: 6 | E47: : | F47: 3 | G47: COLOMBIA | H47: 21:00/22:00 | I47: DAMIANO REMIGI | J47: SVIZZERA
A48: 4 | B48: 46195 | C48: ECUADOR | D48: 5 | E48: : | F48: 7 | G48: PORTOGALLO | H48: 22:00/23:00 | I48: GRAZIANO TALONE | J48: PORTOGALLO
A49: 4 | B49: 46196 | C49: INGHILTERRA | E49: : | G49: OLANDA | H49: 20:00/21:00
A50: 4 | B50: 46196 | C50: SPAGNA | E50: : | G50: JAMAICA | H50: 21:00/22:00
A51: 4 | B51: 46196 | C51: GERMANIA | E51: : | G51: FRANCIA | H51: 22:00/23:00
A52: 4 | B52: 46197 | C52: URUGUAY | E52: : | G52: ALGERIA | H52: 20:00/21:00
A53: 4 | B53: 46197 | C53: COSTA D'AVORIO | E53: : | G53: ARGENTINA | H53: 21:00/22:00
A54: 4 | B54: 46197 | C54: MAROCCO | E54: : | G54: USA | H54: 22:00/23:00
A55: ━━━━━━━━━━━━ GIORNATA 5 ━━━━━━━━━━━━
A56: 5 | B56: 46198 | C56: ECUADOR | E56: : | G56: NORVEGIA | H56: 20:00/21:00
A57: 5 | B57: 46198 | C57: PORTOGALLO | E57: : | G57: SCOZIA | H57: 21:00/22:00
A58: 5 | B58: 46198 | C58: NUOVA ZELANDA | E58: : | G58: QATAR | H58: 22:00/23:00
A59: 5 | B59: 46199 | C59: BRASILE | E59: : | G59: OLANDA | H59: 20:00/21:00
A60: 5 | B60: 46199 | C60: ITALIA | E60: : | G60: INGHILTERRA | H60: 21:00/22:00
A61: 5 | B61: 46199 | C61: GERMANIA | E61: : | G61: COLOMBIA | H61: 22:00/23:00
A62: 5 | B62: 46202 | C62: MAROCCO | E62: : | G62: ALGERIA | H62: 20:00/21:00
A63: 5 | B63: 46202 | C63: MESSICO | E63: : | G63: FRANCIA | H63: 21:00/22:00
A64: 5 | B64: 46202 | C64: COSTA D'AVORIO | E64: : | G64: SPAGNA | H64: 22:00/23:00
A65: 5 | B65: 46203 | C65: SVIZZERA | E65: : | G65: JAMAICA | H65: 20:00/21:00
A66: 5 | B66: 46203 | C66: ARGENTINA | E66: : | G66: GIAPPONE | H66: 21:00/22:00
A67: 5 | B67: 46203 | C67: USA | E67: : | G67: URUGUAY | H67: 22:00/23:00

Sheet Classifica
A1: 🌍 CLASSIFICA — MONDIALE ESTATE 2026
A2: POS | B2: SQUADRA | C2: F | D2: G | E2: V | F2: N | G2: P | H2: GF | I2: GS | J2: DR | K2: PTS
A3: 1 | B3: ARGENTINA | C3: 3 | D3: =SUMPRODUCT((Risultati!$C$2:$C$200=B3)*(Risultati!$D$2:$D$200<>""))+SUMPRODUCT((Risultati!$G$2:$G$200=B3)*(Risultati!$D$2:$D$200<>"")) -> 3 | E3: =SUMPRODUCT((Risultati!$C$2:$C$200=B3)*(IFERROR(VALUE(Risultati!$D$2:$D$200),0)>IFERROR(VALUE(Risultati!$F$2:$F$200),0)))+SUMPRODUCT((Risultati!$G$2:$G$200=B3)*(IFERROR(VALUE(Risultati!$F$2:$F$200),0)>IFERROR(VALUE(Risultati!$D$2:$D$200),0))) -> 1 | F3: =SUMPRODUCT((Risultati!$C$2:$C$200=B3)*(Risultati!$D$2:$D$200<>"")*((IFERROR(VALUE(Risultati!$D$2:$D$200),0))=(IFERROR(VALUE(Risultati!$F$2:$F$200),0))))+SUMPRODUCT((Risultati!$G$2:$G$200=B3)*(Risultati!$D$2:$D$200<>"")*((IFERROR(VALUE(Risultati!$D$2:$D$200),0))=(IFERROR(VALUE(Risultati!$F$2:$F$200),0)))) -> 1 | G3: =SUMPRODUCT((Risultati!$C$2:$C$200=B3)*(Risultati!$D$2:$D$200<>"")*((IFERROR(VALUE(Risultati!$D$2:$D$200),0))<(IFERROR(VALUE(Risultati!$F$2:$F$200),0))))+SUMPRODUCT((Risultati!$G$2:$G$200=B3)*(Risultati!$D$2:$D$200<>"")*((IFERROR(VALUE(Risultati!$F$2:$F$200),0))<(IFERROR(VALUE(Risultati!$D$2:$D$200),0)))) -> 1 | H3: =SUMPRODUCT((Risultati!$C$2:$C$200=B3)*(Risultati!$D$2:$D$200<>"")*IFERROR(VALUE(Risultati!$D$2:$D$200),0))+SUMPRODUCT((Risultati!$G$2:$G$200=B3)*(Risultati!$D$2:$D$200<>"")*IFERROR(VALUE(Risultati!$F$2:$F$200),0)) -> 9 | I3: =SUMPRODUCT((Risultati!$C$2:$C$200=B3)*(Risultati!$D$2:$D$200<>"")*IFERROR(VALUE(Risultati!$F$2:$F$200),0))+SUMPRODUCT((Risultati!$G$2:$G$200=B3)*(Risultati!$D$2:$D$200<>"")*IFERROR(VALUE(Risultati!$D$2:$D$200),0)) -> 9 | J3: =H3-I3 -> 0 | K3: =E3*3+F3 -> 4
A4: 2 | B4: BRASILE | C4: 2 | D4: =SUMPRODUCT((Risultati!$C$2:$C$200=B4)*(Risultati!$D$2:$D$200<>""))+SUMPRODUCT((Risultati!$G$2:$G$200=B4)*(Risultati!$D$2:$D$200<>"")) -> 4 | E4: =SUMPRODUCT((Risultati!$C$2:$C$200=B4)*(IFERROR(VALUE(Risultati!$D$2:$D$200),0)>IFERROR(VALUE(Risultati!$F$2:$F$200),0)))+SUMPRODUCT((Risultati!$G$2:$G$200=B4)*(IFERROR(VALUE(Risultati!$F$2:$F$200),0)>IFERROR(VALUE(Risultati!$D$2:$D$200),0))) -> 2 | F4: =SUMPRODUCT((Risultati!$C$2:$C$200=B4)*(Risultati!$D$2:$D$200<>"")*((IFERROR(VALUE(Risultati!$D$2:$D$200),0))=(IFERROR(VALUE(Risultati!$F$2:$F$200),0))))+SUMPRODUCT((Risultati!$G$2:$G$200=B4)*(Risultati!$D$2:$D$200<>"")*((IFERROR(VALUE(Risultati!$D$2:$D$200),0))=(IFERROR(VALUE(Risultati!$F$2:$F$200),0)))) -> 1 | G4: =SUMPRODUCT((Risultati!$C$2:$C$200=B4)*(Risultati!$D$2:$D$200<>"")*((IFERROR(VALUE(Risultati!$D$2:$D$200),0))<(IFERROR(VALUE(Risultati!$F$2:$F$200),0))))+SUMPRODUCT((Risultati!$G$2:$G$200=B4)*(Risultati!$D$2:$D$200<>"")*((IFERROR(VALUE(Risultati!$F$2:$F$200),0))<(IFERROR(VALUE(Risultati!$D$2:$D$200),0)))) -> 1 | H4: =SUMPRODUCT((Risultati!$C$2:$C$200=B4)*(Risultati!$D$2:$D$200<>"")*IFERROR(VALUE(Risultati!$D$2:$D$200),0))+SUMPRODUCT((Risultati!$G$2:$G$200=B4)*(Risultati!$D$2:$D$200<>"")*IFERROR(VALUE(Risultati!$F$2:$F$200),0)) -> 15 | I4: =SUMPRODUCT((Risultati!$C$2:$C$200=B4)*(Risultati!$D$2:$D$200<>"")*IFERROR(VALUE(Risultati!$F$2:$F$200),0))+SUMPRODUCT((Risultati!$G$2:$G$200=B4)*(Risultati!$D$2:$D$200<>"")*IFERROR(VALUE(Risultati!$D$2:$D$200),0)) -> 11 | J4: =H4-I4 -> 4 | K4: =E4*3+F4 -> 7
A5: 3 | B5: SPAGNA | C5: 2 | D5: =SUMPRODUCT((Risultati!$C$2:$C$200=B5)*(Risultati!$D$2:$D$200<>""))+SUMPRODUCT((Risultati!$G$2:$G$200=B5)*(Risultati!$D$2:$D$200<>"")) -> 3 | E5: =SUMPRODUCT((Risultati!$C$2:$C$200=B5)*(IFERROR(VALUE(Risultati!$D$2:$D$200),0)>IFERROR(VALUE(Risultati!$F$2:$F$200),0)))+SUMPRODUCT((Risultati!$G$2:$G$200=B5)*(IFERROR(VALUE(Risultati!$F$2:$F$200),0)>IFERROR(VALUE(Risultati!$D$2:$D$200),0))) -> 1 | F5: =SUMPRODUCT((Risultati!$C$2:$C$200=B5)*(Risultati!$D$2:$D$200<>"")*((IFERROR(VALUE(Risultati!$D$2:$D$200),0))=(IFERROR(VALUE(Risultati!$F$2:$F$200),0))))+SUMPRODUCT((Risultati!$G$2:$G$200=B5)*(Risultati!$D$2:$D$200<>"")*((IFERROR(VALUE(Risultati!$D$2:$D$200),0))=(IFERROR(VALUE(Risultati!$F$2:$F$200),0)))) -> 2 | G5: =SUMPRODUCT((Risultati!$C$2:$C$200=B5)*(Risultati!$D$2:$D$200<>"")*((IFERROR(VALUE(Risultati!$D$2:$D$200),0))<(IFERROR(VALUE(Risultati!$F$2:$F$200),0))))+SUMPRODUCT((Risultati!$G$2:$G$200=B5)*(Risultati!$D$2:$D$200<>"")*((IFERROR(VALUE(Risultati!$F$2:$F$200),0))<(IFERROR(VALUE(Risultati!$D$2:$D$200),0)))) -> 0 | H5: =SUMPRODUCT((Risultati!$C$2:$C$200=B5)*(Risultati!$D$2:$D$200<>"")*IFERROR(VALUE(Risultati!$D$2:$D$200),0))+SUMPRODUCT((Risultati!$G$2:$G$200=B5)*(Risultati!$D$2:$D$200<>"")*IFERROR(VALUE(Risultati!$F$2:$F$200),0)) -> 15 | I5: =SUMPRODUCT((Risultati!$C$2:$C$200=B5)*(Risultati!$D$2:$D$200<>"")*IFERROR(VALUE(Risultati!$F$2:$F$200),0))+SUMPRODUCT((Risultati!$G$2:$G$200=B5)*(Risultati!$D$2:$D$200<>"")*IFERROR(VALUE(Risultati!$D$2:$D$200),0)) -> 10 | J5: =H5-I5 -> 5 | K5: =E5*3+F5 -> 5
A6: 4 | B6: GERMANIA | C6: 4 | D6: =SUMPRODUCT((Risultati!$C$2:$C$200=B6)*(Risultati!$D$2:$D$200<>""))+SUMPRODUCT((Risultati!$G$2:$G$200=B6)*(Risultati!$D$2:$D$200<>"")) -> 3 | E6: =SUMPRODUCT((Risultati!$C$2:$C$200=B6)*(IFERROR(VALUE(Risultati!$D$2:$D$200),0)>IFERROR(VALUE(Risultati!$F$2:$F$200),0)))+SUMPRODUCT((Risultati!$G$2:$G$200=B6)*(IFERROR(VALUE(Risultati!$F$2:$F$200),0)>IFERROR(VALUE(Risultati!$D$2:$D$200),0))) -> 1 | F6: =SUMPRODUCT((Risultati!$C$2:$C$200=B6)*(Risultati!$D$2:$D$200<>"")*((IFERROR(VALUE(Risultati!$D$2:$D$200),0))=(IFERROR(VALUE(Risultati!$F$2:$F$200),0))))+SUMPRODUCT((Risultati!$G$2:$G$200=B6)*(Risultati!$D$2:$D$200<>"")*((IFERROR(VALUE(Risultati!$D$2:$D$200),0))=(IFERROR(VALUE(Risultati!$F$2:$F$200),0)))) -> 1 | G6: =SUMPRODUCT((Risultati!$C$2:$C$200=B6)*(Risultati!$D$2:$D$200<>"")*((IFERROR(VALUE(Risultati!$D$2:$D$200),0))<(IFERROR(VALUE(Risultati!$F$2:$F$200),0))))+SUMPRODUCT((Risultati!$G$2:$G$200=B6)*(Risultati!$D$2:$D$200<>"")*((IFERROR(VALUE(Risultati!$F$2:$F$200),0))<(IFERROR(VALUE(Risultati!$D$2:$D$200),0)))) -> 1 | H6: =SUMPRODUCT((Risultati!$C$2:$C$200=B6)*(Risultati!$D$2:$D$200<>"")*IFERROR(VALUE(Risultati!$D$2:$D$200),0))+SUMPRODUCT((Risultati!$G$2:$G$200=B6)*(Risultati!$D$2:$D$200<>"")*IFERROR(VALUE(Risultati!$F$2:$F$200),0)) -> 13 | I6: =SUMPRODUCT((Risultati!$C$2:$C$200=B6)*(Risultati!$D$2:$D$200<>"")*IFERROR(VALUE(Risultati!$F$2:$F$200),0))+SUMPRODUCT((Risultati!$G$2:$G$200=B6)*(Risultati!$D$2:$D$200<>"")*IFERROR(VALUE(Risultati!$D$2:$D$200),0)) -> 16 | J6: =H6-I6 -> -3 | K6: =E6*3+F6 -> 4
A7: 5 | B7: PORTOGALLO | C7: 2 | D7: =SUMPRODUCT((Risultati!$C$2:$C$200=B7)*(Risultati!$D$2:$D$200<>""))+SUMPRODUCT((Risultati!$G$2:$G$200=B7)*(Risultati!$D$2:$D$200<>"")) -> 4 | E7: =SUMPRODUCT((Risultati!$C$2:$C$200=B7)*(IFERROR(VALUE(Risultati!$D$2:$D$200),0)>IFERROR(VALUE(Risultati!$F$2:$F$200),0)))+SUMPRODUCT((Risultati!$G$2:$G$200=B7)*(IFERROR(VALUE(Risultati!$F$2:$F$200),0)>IFERROR(VALUE(Risultati!$D$2:$D$200),0))) -> 2 | F7: =SUMPRODUCT((Risultati!$C$2:$C$200=B7)*(Risultati!$D$2:$D$200<>"")*((IFERROR(VALUE(Risultati!$D$2:$D$200),0))=(IFERROR(VALUE(Risultati!$F$2:$F$200),0))))+SUMPRODUCT((Risultati!$G$2:$G$200=B7)*(Risultati!$D$2:$D$200<>"")*((IFERROR(VALUE(Risultati!$D$2:$D$200),0))=(IFERROR(VALUE(Risultati!$F$2:$F$200),0)))) -> 1 | G7: =SUMPRODUCT((Risultati!$C$2:$C$200=B7)*(Risultati!$D$2:$D$200<>"")*((IFERROR(VALUE(Risultati!$D$2:$D$200),0))<(IFERROR(VALUE(Risultati!$F$2:$F$200),0))))+SUMPRODUCT((Risultati!$G$2:$G$200=B7)*(Risultati!$D$2:$D$200<>"")*((IFERROR(VALUE(Risultati!$F$2:$F$200),0))<(IFERROR(VALUE(Risultati!$D$2:$D$200),0)))) -> 1 | H7: =SUMPRODUCT((Risultati!$C$2:$C$200=B7)*(Risultati!$D$2:$D$200<>"")*IFERROR(VALUE(Risultati!$D$2:$D$200),0))+SUMPRODUCT((Risultati!$G$2:$G$200=B7)*(Risultati!$D$2:$D$200<>"")*IFERROR(VALUE(Risultati!$F$2:$F$200),0)) -> 16 | I7: =SUMPRODUCT((Risultati!$C$2:$C$200=B7)*(Risultati!$D$2:$D$200<>"")*IFERROR(VALUE(Risultati!$F$2:$F$200),0))+SUMPRODUCT((Risultati!$G$2:$G$200=B7)*(Risultati!$D$2:$D$200<>"")*IFERROR(VALUE(Risultati!$D$2:$D$200),0)) -> 13 | J7: =H7-I7 -> 3 | K7: =E7*3+F7 -> 7
A8: 6 | B8: ITALIA | C8: 1 | D8: =SUMPRODUCT((Risultati!$C$2:$C$200=B8)*(Risultati!$D$2:$D$200<>""))+SUMPRODUCT((Risultati!$G$2:$G$200=B8)*(Risultati!$D$2:$D$200<>"")) -> 4 | E8: =SUMPRODUCT((Risultati!$C$2:$C$200=B8)*(IFERROR(VALUE(Risultati!$D$2:$D$200),0)>IFERROR(VALUE(Risultati!$F$2:$F$200),0)))+SUMPRODUCT((Risultati!$G$2:$G$200=B8)*(IFERROR(VALUE(Risultati!$F$2:$F$200),0)>IFERROR(VALUE(Risultati!$D$2:$D$200),0))) -> 2 | F8: =SUMPRODUCT((Risultati!$C$2:$C$200=B8)*(Risultati!$D$2:$D$200<>"")*((IFERROR(VALUE(Risultati!$D$2:$D$200),0))=(IFERROR(VALUE(Risultati!$F$2:$F$200),0))))+SUMPRODUCT((Risultati!$G$2:$G$200=B8)*(Risultati!$D$2:$D$200<>"")*((IFERROR(VALUE(Risultati!$D$2:$D$200),0))=(IFERROR(VALUE(Risultati!$F$2:$F$200),0)))) -> 2 | G8: =SUMPRODUCT((Risultati!$C$2:$C$200=B8)*(Risultati!$D$2:$D$200<>"")*((IFERROR(VALUE(Risultati!$D$2:$D$200),0))<(IFERROR(VALUE(Risultati!$F$2:$F$200),0))))+SUMPRODUCT((Risultati!$G$2:$G$200=B8)*(Risultati!$D$2:$D$200<>"")*((IFERROR(VALUE(Risultati!$F$2:$F$200),0))<(IFERROR(VALUE(Risultati!$D$2:$D$200),0)))) -> 0 | H8: =SUMPRODUCT((Risultati!$C$2:$C$200=B8)*(Risultati!$D$2:$D$200<>"")*IFERROR(VALUE(Risultati!$D$2:$D$200),0))+SUMPRODUCT((Risultati!$G$2:$G$200=B8)*(Risultati!$D$2:$D$200<>"")*IFERROR(VALUE(Risultati!$F$2:$F$200),0)) -> 22 | I8: =SUMPRODUCT((Risultati!$C$2:$C$200=B8)*(Risultati!$D$2:$D$200<>"")*IFERROR(VALUE(Risultati!$F$2:$F$200),0))+SUMPRODUCT((Risultati!$G$2:$G$200=B8)*(Risultati!$D$2:$D$200<>"")*IFERROR(VALUE(Risultati!$D$2:$D$200),0)) -> 10 | J8: =H8-I8 -> 12 | K8: =E8*3+F8 -> 8
A9: 7 | B9: URUGUAY | C9: 3 | D9: =SUMPRODUCT((Risultati!$C$2:$C$200=B9)*(Risultati!$D$2:$D$200<>""))+SUMPRODUCT((Risultati!$G$2:$G$200=B9)*(Risultati!$D$2:$D$200<>"")) -> 3 | E9: =SUMPRODUCT((Risultati!$C$2:$C$200=B9)*(IFERROR(VALUE(Risultati!$D$2:$D$200),0)>IFERROR(VALUE(Risultati!$F$2:$F$200),0)))+SUMPRODUCT((Risultati!$G$2:$G$200=B9)*(IFERROR(VALUE(Risultati!$F$2:$F$200),0)>IFERROR(VALUE(Risultati!$D$2:$D$200),0))) -> 0 | F9: =SUMPRODUCT((Risultati!$C$2:$C$200=B9)*(Risultati!$D$2:$D$200<>"")*((IFERROR(VALUE(Risultati!$D$2:$D$200),0))=(IFERROR(VALUE(Risultati!$F$2:$F$200),0))))+SUMPRODUCT((Risultati!$G$2:$G$200=B9)*(Risultati!$D$2:$D$200<>"")*((IFERROR(VALUE(Risultati!$D$2:$D$200),0))=(IFERROR(VALUE(Risultati!$F$2:$F$200),0)))) -> 0 | G9: =SUMPRODUCT((Risultati!$C$2:$C$200=B9)*(Risultati!$D$2:$D$200<>"")*((IFERROR(VALUE(Risultati!$D$2:$D$200),0))<(IFERROR(VALUE(Risultati!$F$2:$F$200),0))))+SUMPRODUCT((Risultati!$G$2:$G$200=B9)*(Risultati!$D$2:$D$200<>"")*((IFERROR(VALUE(Risultati!$F$2:$F$200),0))<(IFERROR(VALUE(Risultati!$D$2:$D$200),0)))) -> 3 | H9: =SUMPRODUCT((Risultati!$C$2:$C$200=B9)*(Risultati!$D$2:$D$200<>"")*IFERROR(VALUE(Risultati!$D$2:$D$200),0))+SUMPRODUCT((Risultati!$G$2:$G$200=B9)*(Risultati!$D$2:$D$200<>"")*IFERROR(VALUE(Risultati!$F$2:$F$200),0)) -> 5 | I9: =SUMPRODUCT((Risultati!$C$2:$C$200=B9)*(Risultati!$D$2:$D$200<>"")*IFERROR(VALUE(Risultati!$F$2:$F$200),0))+SUMPRODUCT((Risultati!$G$2:$G$200=B9)*(Risultati!$D$2:$D$200<>"")*IFERROR(VALUE(Risultati!$D$2:$D$200),0)) -> 23 | J9: =H9-I9 -> -18 | K9: =E9*3+F9 -> 0
A10: 8 | B10: MESSICO | C10: 3 | D10: =SUMPRODUCT((Risultati!$C$2:$C$200=B10)*(Risultati!$D$2:$D$200<>""))+SUMPRODUCT((Risultati!$G$2:$G$200=B10)*(Risultati!$D$2:$D$200<>"")) -> 4 | E10: =SUMPRODUCT((Risultati!$C$2:$C$200=B10)*(IFERROR(VALUE(Risultati!$D$2:$D$200),0)>IFERROR(VALUE(Risultati!$F$2:$F$200),0)))+SUMPRODUCT((Risultati!$G$2:$G$200=B10)*(IFERROR(VALUE(Risultati!$F$2:$F$200),0)>IFERROR(VALUE(Risultati!$D$2:$D$200),0))) -> 3 | F10: =SUMPRODUCT((Risultati!$C$2:$C$200=B10)*(Risultati!$D$2:$D$200<>"")*((IFERROR(VALUE(Risultati!$D$2:$D$200),0))=(IFERROR(VALUE(Risultati!$F$2:$F$200),0))))+SUMPRODUCT((Risultati!$G$2:$G$200=B10)*(Risultati!$D$2:$D$200<>"")*((IFERROR(VALUE(Risultati!$D$2:$D$200),0))=(IFERROR(VALUE(Risultati!$F$2:$F$200),0)))) -> 1 | G10: =SUMPRODUCT((Risultati!$C$2:$C$200=B10)*(Risultati!$D$2:$D$200<>"")*((IFERROR(VALUE(Risultati!$D$2:$D$200),0))<(IFERROR(VALUE(Risultati!$F$2:$F$200),0))))+SUMPRODUCT((Risultati!$G$2:$G$200=B10)*(Risultati!$D$2:$D$200<>"")*((IFERROR(VALUE(Risultati!$F$2:$F$200),0))<(IFERROR(VALUE(Risultati!$D$2:$D$200),0)))) -> 0 | H10: =SUMPRODUCT((Risultati!$C$2:$C$200=B10)*(Risultati!$D$2:$D$200<>"")*IFERROR(VALUE(Risultati!$D$2:$D$200),0))+SUMPRODUCT((Risultati!$G$2:$G$200=B10)*(Risultati!$D$2:$D$200<>"")*IFERROR(VALUE(Risultati!$F$2:$F$200),0)) -> 24 | I10: =SUMPRODUCT((Risultati!$C$2:$C$200=B10)*(Risultati!$D$2:$D$200<>"")*IFERROR(VALUE(Risultati!$F$2:$F$200),0))+SUMPRODUCT((Risultati!$G$2:$G$200=B10)*(Risultati!$D$2:$D$200<>"")*IFERROR(VALUE(Risultati!$D$2:$D$200),0)) -> 14 | J10: =H10-I10 -> 10 | K10: =E10*3+F10 -> 10
A11: 9 | B11: MAROCCO | C11: 1 | D11: =SUMPRODUCT((Risultati!$C$2:$C$200=B11)*(Risultati!$D$2:$D$200<>""))+SUMPRODUCT((Risultati!$G$2:$G$200=B11)*(Risultati!$D$2:$D$200<>"")) -> 3 | E11: =SUMPRODUCT((Risultati!$C$2:$C$200=B11)*(IFERROR(VALUE(Risultati!$D$2:$D$200),0)>IFERROR(VALUE(Risultati!$F$2:$F$200),0)))+SUMPRODUCT((Risultati!$G$2:$G$200=B11)*(IFERROR(VALUE(Risultati!$F$2:$F$200),0)>IFERROR(VALUE(Risultati!$D$2:$D$200),0))) -> 3 | F11: =SUMPRODUCT((Risultati!$C$2:$C$200=B11)*(Risultati!$D$2:$D$200<>"")*((IFERROR(VALUE(Risultati!$D$2:$D$200),0))=(IFERROR(VALUE(Risultati!$F$2:$F$200),0))))+SUMPRODUCT((Risultati!$G$2:$G$200=B11)*(Risultati!$D$2:$D$200<>"")*((IFERROR(VALUE(Risultati!$D$2:$D$200),0))=(IFERROR(VALUE(Risultati!$F$2:$F$200),0)))) -> 0 | G11: =SUMPRODUCT((Risultati!$C$2:$C$200=B11)*(Risultati!$D$2:$D$200<>"")*((IFERROR(VALUE(Risultati!$D$2:$D$200),0))<(IFERROR(VALUE(Risultati!$F$2:$F$200),0))))+SUMPRODUCT((Risultati!$G$2:$G$200=B11)*(Risultati!$D$2:$D$200<>"")*((IFERROR(VALUE(Risultati!$F$2:$F$200),0))<(IFERROR(VALUE(Risultati!$D$2:$D$200),0)))) -> 0 | H11: =SUMPRODUCT((Risultati!$C$2:$C$200=B11)*(Risultati!$D$2:$D$200<>"")*IFERROR(VALUE(Risultati!$D$2:$D$200),0))+SUMPRODUCT((Risultati!$G$2:$G$200=B11)*(Risultati!$D$2:$D$200<>"")*IFERROR(VALUE(Risultati!$F$2:$F$200),0)) -> 18 | I11: =SUMPRODUCT((Risultati!$C$2:$C$200=B11)*(Risultati!$D$2:$D$200<>"")*IFERROR(VALUE(Risultati!$F$2:$F$200),0))+SUMPRODUCT((Risultati!$G$2:$G$200=B11)*(Risultati!$D$2:$D$200<>"")*IFERROR(VALUE(Risultati!$D$2:$D$200),0)) -> 5 | J11: =H11-I11 -> 13 | K11: =E11*3+F11 -> 9
A12: 10 | B12: OLANDA | C12: 5 | D12: =SUMPRODUCT((Risultati!$C$2:$C$200=B12)*(Risultati!$D$2:$D$200<>""))+SUMPRODUCT((Risultati!$G$2:$G$200=B12)*(Risultati!$D$2:$D$200<>"")) -> 3 | E12: =SUMPRODUCT((Risultati!$C$2:$C$200=B12)*(IFERROR(VALUE(Risultati!$D$2:$D$200),0)>IFERROR(VALUE(Risultati!$F$2:$F$200),0)))+SUMPRODUCT((Risultati!$G$2:$G$200=B12)*(IFERROR(VALUE(Risultati!$F$2:$F$200),0)>IFERROR(VALUE(Risultati!$D$2:$D$200),0))) -> 2 | F12: =SUMPRODUCT((Risultati!$C$2:$C$200=B12)*(Risultati!$D$2:$D$200<>"")*((IFERROR(VALUE(Risultati!$D$2:$D$200),0))=(IFERROR(VALUE(Risultati!$F$2:$F$200),0))))+SUMPRODUCT((Risultati!$G$2:$G$200=B12)*(Risultati!$D$2:$D$200<>"")*((IFERROR(VALUE(Risultati!$D$2:$D$200),0))=(IFERROR(VALUE(Risultati!$F$2:$F$200),0)))) -> 1 | G12: =SUMPRODUCT((Risultati!$C$2:$C$200=B12)*(Risultati!$D$2:$D$200<>"")*((IFERROR(VALUE(Risultati!$D$2:$D$200),0))<(IFERROR(VALUE(Risultati!$F$2:$F$200),0))))+SUMPRODUCT((Risultati!$G$2:$G$200=B12)*(Risultati!$D$2:$D$200<>"")*((IFERROR(VALUE(Risultati!$F$2:$F$200),0))<(IFERROR(VALUE(Risultati!$D$2:$D$200),0)))) -> 0 | H12: =SUMPRODUCT((Risultati!$C$2:$C$200=B12)*(Risultati!$D$2:$D$200<>"")*IFERROR(VALUE(Risultati!$D$2:$D$200),0))+SUMPRODUCT((Risultati!$G$2:$G$200=B12)*(Risultati!$D$2:$D$200<>"")*IFERROR(VALUE(Risultati!$F$2:$F$200),0)) -> 20 | I12: =SUMPRODUCT((Risultati!$C$2:$C$200=B12)*(Risultati!$D$2:$D$200<>"")*IFERROR(VALUE(Risultati!$F$2:$F$200),0))+SUMPRODUCT((Risultati!$G$2:$G$200=B12)*(Risultati!$D$2:$D$200<>"")*IFERROR(VALUE(Risultati!$D$2:$D$200),0)) -> 7 | J12: =H12-I12 -> 13 | K12: =E12*3+F12 -> 7
A13: 11 | B13: INGHILTERRA | C13: 4 | D13: =SUMPRODUCT((Risultati!$C$2:$C$200=B13)*(Risultati!$D$2:$D$200<>""))+SUMPRODUCT((Risultati!$G$2:$G$200=B13)*(Risultati!$D$2:$D$200<>"")) -> 3 | E13: =SUMPRODUCT((Risultati!$C$2:$C$200=B13)*(IFERROR(VALUE(Risultati!$D$2:$D$200),0)>IFERROR(VALUE(Risultati!$F$2:$F$200),0)))+SUMPRODUCT((Risultati!$G$2:$G$200=B13)*(IFERROR(VALUE(Risultati!$F$2:$F$200),0)>IFERROR(VALUE(Risultati!$D$2:$D$200),0))) -> 1 | F13: =SUMPRODUCT((Risultati!$C$2:$C$200=B13)*(Risultati!$D$2:$D$200<>"")*((IFERROR(VALUE(Risultati!$D$2:$D$200),0))=(IFERROR(VALUE(Risultati!$F$2:$F$200),0))))+SUMPRODUCT((Risultati!$G$2:$G$200=B13)*(Risultati!$D$2:$D$200<>"")*((IFERROR(VALUE(Risultati!$D$2:$D$200),0))=(IFERROR(VALUE(Risultati!$F$2:$F$200),0)))) -> 0 | G13: =SUMPRODUCT((Risultati!$C$2:$C$200=B13)*(Risultati!$D$2:$D$200<>"")*((IFERROR(VALUE(Risultati!$D$2:$D$200),0))<(IFERROR(VALUE(Risultati!$F$2:$F$200),0))))+SUMPRODUCT((Risultati!$G$2:$G$200=B13)*(Risultati!$D$2:$D$200<>"")*((IFERROR(VALUE(Risultati!$F$2:$F$200),0))<(IFERROR(VALUE(Risultati!$D$2:$D$200),0)))) -> 2 | H13: =SUMPRODUCT((Risultati!$C$2:$C$200=B13)*(Risultati!$D$2:$D$200<>"")*IFERROR(VALUE(Risultati!$D$2:$D$200),0))+SUMPRODUCT((Risultati!$G$2:$G$200=B13)*(Risultati!$D$2:$D$200<>"")*IFERROR(VALUE(Risultati!$F$2:$F$200),0)) -> 8 | I13: =SUMPRODUCT((Risultati!$C$2:$C$200=B13)*(Risultati!$D$2:$D$200<>"")*IFERROR(VALUE(Risultati!$F$2:$F$200),0))+SUMPRODUCT((Risultati!$G$2:$G$200=B13)*(Risultati!$D$2:$D$200<>"")*IFERROR(VALUE(Risultati!$D$2:$D$200),0)) -> 12 | J13: =H13-I13 -> -4 | K13: =E13*3+F13 -> 3
A14: 12 | B14: JAMAICA | C14: 5 | D14: =SUMPRODUCT((Risultati!$C$2:$C$200=B14)*(Risultati!$D$2:$D$200<>""))+SUMPRODUCT((Risultati!$G$2:$G$200=B14)*(Risultati!$D$2:$D$200<>"")) -> 3 | E14: =SUMPRODUCT((Risultati!$C$2:$C$200=B14)*(IFERROR(VALUE(Risultati!$D$2:$D$200),0)>IFERROR(VALUE(Risultati!$F$2:$F$200),0)))+SUMPRODUCT((Risultati!$G$2:$G$200=B14)*(IFERROR(VALUE(Risultati!$F$2:$F$200),0)>IFERROR(VALUE(Risultati!$D$2:$D$200),0))) -> 0 | F14: =SUMPRODUCT((Risultati!$C$2:$C$200=B14)*(Risultati!$D$2:$D$200<>"")*((IFERROR(VALUE(Risultati!$D$2:$D$200),0))=(IFERROR(VALUE(Risultati!$F$2:$F$200),0))))+SUMPRODUCT((Risultati!$G$2:$G$200=B14)*(Risultati!$D$2:$D$200<>"")*((IFERROR(VALUE(Risultati!$D$2:$D$200),0))=(IFERROR(VALUE(Risultati!$F$2:$F$200),0)))) -> 0 | G14: =SUMPRODUCT((Risultati!$C$2:$C$200=B14)*(Risultati!$D$2:$D$200<>"")*((IFERROR(VALUE(Risultati!$D$2:$D$200),0))<(IFERROR(VALUE(Risultati!$F$2:$F$200),0))))+SUMPRODUCT((Risultati!$G$2:$G$200=B14)*(Risultati!$D$2:$D$200<>"")*((IFERROR(VALUE(Risultati!$F$2:$F$200),0))<(IFERROR(VALUE(Risultati!$D$2:$D$200),0)))) -> 3 | H14: =SUMPRODUCT((Risultati!$C$2:$C$200=B14)*(Risultati!$D$2:$D$200<>"")*IFERROR(VALUE(Risultati!$D$2:$D$200),0))+SUMPRODUCT((Risultati!$G$2:$G$200=B14)*(Risultati!$D$2:$D$200<>"")*IFERROR(VALUE(Risultati!$F$2:$F$200),0)) -> 3 | I14: =SUMPRODUCT((Risultati!$C$2:$C$200=B14)*(Risultati!$D$2:$D$200<>"")*IFERROR(VALUE(Risultati!$F$2:$F$200),0))+SUMPRODUCT((Risultati!$G$2:$G$200=B14)*(Risultati!$D$2:$D$200<>"")*IFERROR(VALUE(Risultati!$D$2:$D$200),0)) -> 15 | J14: =H14-I14 -> -12 | K14: =E14*3+F14 -> 0
... A26: 24 | B26: USA | C26: 2 | D26: =SUMPRODUCT((Risultati!$C$2:$C$200=B26)*(Risultati!$D$2:$D$200<>""))+SUMPRODUCT((Risultati!$G$2:$G$200=B26)*(Risultati!$D$2:$D$200<>"")) -> 3 | E26: =SUMPRODUCT((Risultati!$C$2:$C$200=B26)*(IFERROR(VALUE(Risultati!$D$2:$D$200),0)>IFERROR(VALUE(Risultati!$F$2:$F$200),0)))+SUMPRODUCT((Risultati!$G$2:$G$200=B26)*(IFERROR(VALUE(Risultati!$F$2:$F$200),0)>IFERROR(VALUE(Risultati!$D$2:$D$200),0))) -> 1 | F26: =SUMPRODUCT((Risultati!$C$2:$C$200=B26)*(Risultati!$D$2:$D$200<>"")*((IFERROR(VALUE(Risultati!$D$2:$D$200),0))=(IFERROR(VALUE(Risultati!$F$2:$F$200),0))))+SUMPRODUCT((Risultati!$G$2:$G$200=B26)*(Risultati!$D$2:$D$200<>"")*((IFERROR(VALUE(Risultati!$D$2:$D$200),0))=(IFERROR(VALUE(Risultati!$F$2:$F$200),0)))) -> 0 | G26: =SUMPRODUCT((Risultati!$C$2:$C$200=B26)*(Risultati!$D$2:$D$200<>"")*((IFERROR(VALUE(Risultati!$D$2:$D$200),0))<(IFERROR(VALUE(Risultati!$F$2:$F$200),0))))+SUMPRODUCT((Risultati!$G$2:$G$200=B26)*(Risultati!$D$2:$D$200<>"")*((IFERROR(VALUE(Risultati!$F$2:$F$200),0))<(IFERROR(VALUE(Risultati!$D$2:$D$200),0)))) -> 2 | H26: =SUMPRODUCT((Risultati!$C$2:$C$200=B26)*(Risultati!$D$2:$D$200<>"")*IFERROR(VALUE(Risultati!$D$2:$D$200),0))+SUMPRODUCT((Risultati!$G$2:$G$200=B26)*(Risultati!$D$2:$D$200<>"")*IFERROR(VALUE(Risultati!$F$2:$F$200),0)) -> 11 | I26: =SUMPRODUCT((Risultati!$C$2:$C$200=B26)*(Risultati!$D$2:$D$200<>"")*IFERROR(VALUE(Risultati!$F$2:$F$200),0))+SUMPRODUCT((Risultati!$G$2:$G$200=B26)*(Risultati!$D$2:$D$200<>"")*IFERROR(VALUE(Risultati!$D$2:$D$200),0)) -> 14 | J26: =H26-I26 -> -3 | K26: =E26*3+F26 -> 3

Sheet Marcatori
A1: 🥅 CLASSIFICA MARCATORI
A2: # | B2: NOME GIOCATORE | C2: NAZIONALE | D2: GOL
A3: 1 | B3: RIDA ECH CHOUBY | C3: MAROCCO | D3: 2
A4: 2 | B4: CRISTIAN FERRANTE | C4: MESSICO | D4: 3
A5: 3 | B5: ANDREA FERRANTE | C5: ECUADOR | D5: 3
A6: 4 | B6: SAMUELE OPRE | C6: MAROCCO | D6: 1
A7: 5 | B7: SIMONE ROMANI | C7: SVIZZERA | D7: 1
A8: 6 | B8: FEDERICO SABLONE | C8: MAROCCO | D8: 2
A9: 7 | B9: GABRIELE OLIVA | C9: BRASILE | D9: 1
A10: 8 | B10: TIZIANO PICCOLELLI | C10: BRASILE | D10: 1
A11: 9 | B11: GABRIELE MIZZONI | C11: BRASILE | D11: 1
A12: 10 | B12: ROBERT BANITA | C12: ARGENTINA | D12: 1
A13: 11 | B13: ALESSIO CENTOFANTE | C13: ARGENTINA | D13: 1
A14: 12 | B14: GABRIELE DI ROLLO | C14: ARGENTINA | D14: 1
... A18: 16 | B18: MIRCO FERRANTE | C18: MESSICO | D18: 1
A19: 17 | D19: 0
A20: 18 | D20: 0
A21: 19 | D21: 0
A22: 20 | D22: 0
A23: 21 | D23: 0
A24: 22 | D24: 0
A25: 23 | D25: 0
A26: 24 | D26: 0
A27: 25 | D27: 0
A28: 26 | D28: 0
A29: 27 | D29: 0
A30: 28 | D30: 0
... A32: 30 | D32: 0

Sheet Squadre
A1: 🏳️ NAZIONALI PARTECIPANTI — 24 SQUADRE
A2: # | B2: NAZIONALE | C2: FASCIA | D2: CONTINENTE | E2: LIVELLO
A3: 1 | B3: ARGENTINA | C3: 3 | D3: America | E3: ELITE
A4: 2 | B4: BRASILE | C4: 2 | D4: America | E4: ELITE
A5: 3 | B5: SPAGNA | C5: 2 | D5: Europa | E5: ELITE
A6: 4 | B6: GERMANIA | C6: 4 | D6: Europa | E6: ELITE
A7: 5 | B7: PORTOGALLO | C7: 2 | D7: Europa | E7: FORTI
A8: 6 | B8: ITALIA | C8: 1 | D8: Europa | E8: FORTI
A9: 7 | B9: URUGUAY | C9: 3 | D9: America | E9: FORTI
A10: 8 | B10: MESSICO | C10: 3 | D10: America | E10: FORTI
A11: 9 | B11: MAROCCO | C11: 1 | D11: Africa | E11: BUONE
A12: 10 | B12: OLANDA | C12: 5 | D12: Europa | E12: BUONE
A13: 11 | B13: INGHILTERRA | C13: 4 | D13: Europa | E13: BUONE
A14: 12 | B14: CROAZIA | C14: 5 | D14: Europa | E14: BUONE
... A26: 24 | B26: USA | C26: 2 | D26: America | E26: WILDCARD

Sheet Rose
A1: SQUADRA | B1: NOME | C1: RUOLO | D1: GOL
A2: MESSICO | B2: Steven D'Andrea | C2: PORTIERE
B3: Alessandro Rosati
B4: Emanuele D'Antoni | D4: 2
B5: Davide Di Cesare
B6: Christian Ferrante | D6: 3
B7: Eros Cerini
B8: Marco Mori
B9: Francesco Cheles
B10: Riccardo Cipolloni
B11: Leonardo Di Brango
B12: Tommaso De Propris
B13: Filippo Polinesi | C13: PORTIERE
B14: Federico Marcellitti
B15: Ousman Barry
B16: Nicolò Graziano | D16: 1
B17: Federico Bravetti | C17: PORTIERE
B18: Mirco Ferrante | D18: 1
A19: BRASILE | B19: Alessandro Colajanni | C19: PORTIERE
B20: Riccardo Attilia | C20: PORTIERE
B21: Leonardo Fratini
B22: Jacopo Petrucci
B23: Gabriele Oliva | D23: 1
B24: Dennys Savi
B25: Tiziano Piccolelli | D25: 1
B26: Gabriele Briatico
B27: Matteo Loreti
B28: Gabriele Mizzoni | D28: 1
B29: Valerio Condrò
B30: Samuele Tani
B31: Cristiano Cecchini
B32: Edoardo Piacentini
A33: URUGUAY | B33: Ludovico Zulli | C33: PORTIERE
B34: Mattia Bonansingo | C34: PORTIERE
B35: Damiano Ferreri | D35: 1
B36: Davide Moroni
B37: Valerio Greggi
B38: Marco Ferreri
B39: Federico Giusti
B40: Simone Marchini
B41: Simone Di Pasquale
B42: Cristiano Balestrieri
B43: Edoardo Sabatini
B44: Mirko Babbini
B45: Emanuele Virgili
B46: Alessio Giusti
B47: Mario Sperandio | D47: 1
B48: Michele De Domincis
B49: Daniel De Angelis
B50: Alessandro Pellutri
B51: Paolo Ambrosecchio
B52: Edoardo Urbani
B53: Gabriele Zuccari
B54: Valerio Copponi
A55: FRANCIA | B55: Davide Bruschi | C55: PORTIERE
B56: Gianmatteo Massimei | C56: PORTIERE
B57: Riccardo Salvati
B58: Mauro Marchionni
B59: Fabio De Luca
B60: Simone Iannilli
B61: Matteo Zosimi
B62: Federico Perna
B63: Ibrahima Kante
B64: Gabriele Coccia
B65: Gabriele Del Grande
B66: Cristiano Cascioli
B67: Simone Cascioli
B68: Enrico Viotti
B69: Gianmarco Scarozza
A71: INGHILTERRA | B71: Matteo Ferrero | C71: PORTIERE
B72: Daniele Alessandrini
B73: Federico Indovino
B74: Vittorio De Santis
B75: Simone Festa
B76: Nicolò Ciaraglia | D76: 1
B77: Daniele De Amicis
B78: Alberto Verterano
B79: Diego Centanni
B80: Samuele Ciccotti
B81: Simon Kwiatkowsky | D81: 1
B82: Gianluca Libertini
B83: Simone Frezzotti
B84: Simone Neroni | D84: 1
A85: NORVEGIA | B85: Daniele Calderari | C85: PORTIERE
B86: Valerio Calderari
B87: Leonardo Corrado
B88: Alessandro Ledoti
B89: Antonio Proietti | D89: 1
B90: Tommaso Pradini
B91: Federico Deleo | D91: 1
B92: Pietro Passacantilli
B93: Dario Lopez
B94: Andrea De Rossi
B95: Giovanni Colasazzi
B96: Giordano Timperi
B97: Alessandro Martinelli
B98: Cristian Fiorenza
B99: Alessandro Rancu
B100: Angelo Grignani
B101: Federico Solitari
...

Sheet Fase Finale
A1: 🏆 FASE FINALE — MONDIALE / COPPA D'ARGENTO / COPPA DI BRONZO
A2: FASE | B2: SQUADRA 1 | C2: GOL 1 | D2: SQUADRA 2 | E2: GOL 2 | F2: COMPETIZIONE
A3: Quarti di Finale | B3: TBD | D3: TBD | F3: 🌍 MONDIALE | G3: 46212
A4: Quarti di Finale | B4: TBD | D4: TBD | F4: 🌍 MONDIALE | G4: 46213
A5: Quarti di Finale | B5: TBD | D5: TBD | F5: 🌍 MONDIALE | G5: 46213
A6: Quarti di Finale | B6: TBD | D6: TBD | F6: 🌍 MONDIALE | G6: 46213
A7: Semifinali | B7: TBD | D7: TBD | F7: 🌍 MONDIALE | G7: 46216
A8: Semifinali | B8: TBD | D8: TBD | F8: 🌍 MONDIALE | G8: 46217
A9: 3° Posto | B9: TBD | D9: TBD | F9: 🌍 MONDIALE | G9: 46220
A10: 🏆 FINALE MONDIALE | B10: TBD | D10: TBD | F10: 🌍 MONDIALE | G10: 46220
A11: Quarti di Finale | B11: TBD | D11: TBD | F11: 🥈 COPPA D'ARGENTO | G11: 46211
A12: Quarti di Finale | B12: TBD | D12: TBD | F12: 🥈 COPPA D'ARGENTO | G12: 46211
A13: Quarti di Finale | B13: TBD | D13: TBD | F13: 🥈 COPPA D'ARGENTO | G13: 46212
A14: Quarti di Finale | B14: TBD | D14: TBD | F14: 🥈 COPPA D'ARGENTO | G14: 46212
... A24: 🥉 FINALE BRONZO | B24: TBD | D24: TBD | F24: 🥉 COPPA DI BRONZO | G24: 46220

Sheet GolPartite
A1: GG | B1: CASA | C1: TRASFERTA | D1: GIOCATORE | E1: SQUADRA | F1: GOL
A2: 1 | B2: MAROCCO | C2: SVIZZERA | D2: Samuele Opre | E2: MAROCCO | F2: 1
A3: 1 | B3: MAROCCO | C3: SVIZZERA | D3: Federico Sablone | E3: MAROCCO | F3: 2
A4: 1 | B4: MAROCCO | C4: SVIZZERA | D4: Rida Ech Chouby | E4: MAROCCO | F4: 2
A5: 1 | B5: MAROCCO | C5: SVIZZERA | D5: Simone Romani | E5: SVIZZERA | F5: 1
A6: 1 | B6: MAROCCO | C6: SVIZZERA
A7: 1 | B7: MAROCCO | C7: SVIZZERA
A8: 1 | B8: MAROCCO | C8: SVIZZERA
A9: 1 | B9: MAROCCO | C9: SVIZZERA
A10: 1 | B10: MAROCCO | C10: SVIZZERA
A11: 1 | B11: MAROCCO | C11: SVIZZERA
A12: 1 | B12: BRASILE | C12: ARGENTINA | D12: Gabriele Oliva | E12: BRASILE | F12: 1
A13: 1 | B13: BRASILE | C13: ARGENTINA | D13: Tiziano Piccolelli | E13: BRASILE | F13: 1
A14: 1 | B14: BRASILE | C14: ARGENTINA | D14: Gabriele Mizzoni | E14: BRASILE | F14: 1
A15: 1 | B15: BRASILE | C15: ARGENTINA | D15: Robert Banita | E15: ARGENTINA | F15: 1
A16: 1 | B16: BRASILE | C16: ARGENTINA | D16: Alessio Centofante | E16: ARGENTINA | F16: 1
A17: 1 | B17: BRASILE | C17: ARGENTINA | D17: Gabriele Di Rollo | E17: ARGENTINA | F17: 1
A18: 1 | B18: BRASILE | C18: ARGENTINA
A19: 1 | B19: BRASILE | C19: ARGENTINA
A20: 1 | B20: BRASILE | C20: ARGENTINA
A21: 1 | B21: BRASILE | C21: ARGENTINA
A22: 1 | B22: ECUADOR | C22: MESSICO | D22: Pietro Petrangeli | E22: ECUADOR | F22: 1
A23: 1 | B23: ECUADOR | C23: MESSICO | D23: Andrea Ferrante | E23: ECUADOR | F23: 3
A24: 1 | B24: ECUADOR | C24: MESSICO | D24: Emanuele D'Antoni | E24: MESSICO | F24: 2
A25: 1 | B25: ECUADOR | C25: MESSICO | D25: Christian Ferrante | E25: MESSICO | F25: 3
A26: 1 | B26: ECUADOR | C26: MESSICO | D26: Nicolò Graziano | E26: MESSICO | F26: 1
A27: 1 | B27: ECUADOR | C27: MESSICO | D27: Mirco Ferrante | E27: MESSICO | F27: 1
A28: 1 | B28: ECUADOR | C28: MESSICO
A29: 1 | B29: ECUADOR | C29: MESSICO
A30: 1 | B30: ECUADOR | C30: MESSICO
A31: 1 | B31: ECUADOR | C31: MESSICO
A32: 1 | B32: SPAGNA | C32: GERMANIA | D32: Gianluigi Valdastri | E32: SPAGNA | F32: 2
A33: 1 | B33: SPAGNA | C33: GERMANIA | D33: Federico Giulitti | E33: SPAGNA | F33: 2
A34: 1 | B34: SPAGNA | C34: GERMANIA | D34: Daniele Scancella | E34: SPAGNA | F34: 1
A35: 1 | B35: SPAGNA | C35: GERMANIA | D35: Carlo Alberto Rozzi | E35: GERMANIA | F35: 2
A36: 1 | B36: SPAGNA | C36: GERMANIA | D36: Damiano Fratini | E36: GERMANIA | F36: 2
A37: 1 | B37: SPAGNA | C37: GERMANIA | D37: Manuel Solitari | E37: GERMANIA | F37: 1
A38: 1 | B38: SPAGNA | C38: GERMANIA
A39: 1 | B39: SPAGNA | C39: GERMANIA
A40: 1 | B40: SPAGNA | C40: GERMANIA
A41: 1 | B41: SPAGNA | C41: GERMANIA
A42: 1 | B42: NORVEGIA | C42: JAMAICA | D42: Antonio Proietti | E42: NORVEGIA | F42: 1
A43: 1 | B43: NORVEGIA | C43: JAMAICA | D43: Federico Deleo | E43: NORVEGIA | F43: 1
A44: 1 | B44: NORVEGIA | C44: JAMAICA | D44: Gabriele Paglione | E44: JAMAICA | F44: 1
A45: 1 | B45: NORVEGIA | C45: JAMAICA
A46: 1 | B46: NORVEGIA | C46: JAMAICA
A47: 1 | B47: NORVEGIA | C47: JAMAICA
A48: 1 | B48: NORVEGIA | C48: JAMAICA
A49: 1 | B49: NORVEGIA | C49: JAMAICA
A50: 1 | B50: NORVEGIA | C50: JAMAICA
A51: 1 | B51: NORVEGIA | C51: JAMAICA
A52: 1 | B52: COSTA D'AVORIO | C52: GIAPPONE | D52: Pietro Pera | E52: COSTA D'AVORIO | F52: 2
A53: 1 | B53: COSTA D'AVORIO | C53: GIAPPONE | D53: Andrea Ventura | E53: COSTA D'AVORIO | F53: 1
A54: 1 | B54: COSTA D'AVORIO | C54: GIAPPONE | D54: Simone Tani | E54: COSTA D'AVORIO | F54: 2
A55: 1 | B55: COSTA D'AVORIO | C55: GIAPPONE | D55: Adel Hamadouche | E55: GIAPPONE | F55: 1
A56: 1 | B56: COSTA D'AVORIO | C56: GIAPPONE | D56: Diego Zaccaria | E56: GIAPPONE | F56: 2
A57: 1 | B57: COSTA D'AVORIO | C57: GIAPPONE
A58: 1 | B58: COSTA D'AVORIO | C58: GIAPPONE
A59: 1 | B59: COSTA D'AVORIO | C59: GIAPPONE
A60: 1 | B60: COSTA D'AVORIO | C60: GIAPPONE
A61: 1 | B61: COSTA D'AVORIO | C61: GIAPPONE
A62: 1 | B62: OLANDA | C62: ALGERIA | D62: Lorenzo Bari | E62: OLANDA | F62: 1
A63: 1 | B63: OLANDA | C63: ALGERIA | D63: Valerio Campagna | E63: OLANDA | F63: 1
A64: 1 | B64: OLANDA | C64: ALGERIA | D64: Roberto Salvati | E64: OLANDA | F64: 2
A65: 1 | B65: OLANDA | C65: ALGERIA | D65: Antonio Ferrante | E65: OLANDA | F65: 1
A66: 1 | B66: OLANDA | C66: ALGERIA | D66: Gabriele Ricciolini | E66: OLANDA | F66: 1
A67: 1 | B67: OLANDA | C67: ALGERIA | D67: Pierluigi Paolacci | E67: OLANDA | F67: 5
A68: 1 | B68: OLANDA | C68: ALGERIA | D68: Valerio Galluzzi | E68: ALGERIA | F68: 1
A69: 1 | B69: OLANDA | C69: ALGERIA | D69: Gianluca Romagnoli | E69: ALGERIA | F69: 1
A70: 1 | B70: OLANDA | C70: ALGERIA
A71: 1 | B71: OLANDA | C71: ALGERIA
A72: 1 | B72: PORTOGALLO | C72: INGHILTERRA | D72: Francesco Evangelista | E72: PORTOGALLO | F72: 1
A73: 1 | B73: PORTOGALLO | C73: INGHILTERRA | D73: Brian Ciminelli | E73: PORTOGALLO | F73: 1
A74: 1 | B74: PORTOGALLO | C74: INGHILTERRA | D74: Nicolò Ciaraglia | E74: INGHILTERRA | F74: 1
A75: 1 | B75: PORTOGALLO | C75: INGHILTERRA | D75: Simon Kwiatkowsky | E75: INGHILTERRA | F75: 1
A76: 1 | B76: PORTOGALLO | C76: INGHILTERRA | D76: Simone Neroni | E76: INGHILTERRA | F76: 1
A77: 1 | B77: PORTOGALLO | C77: INGHILTERRA
A78: 1 | B78: PORTOGALLO | C78: INGHILTERRA
A79: 1 | B79: PORTOGALLO | C79: INGHILTERRA
A80: 1 | B80: PORTOGALLO | C80: INGHILTERRA
A81: 1 | B81: PORTOGALLO | C81: INGHILTERRA
A82: 1 | B82: ITALIA | C82: URUGUAY | D82: Cristian Montanari | E82: ITALIA | F82: 2
A83: 1 | B83: ITALIA | C83: URUGUAY | D83: Michael Piro | E83: ITALIA | F83: 3
A84: 1 | B84: ITALIA | C84: URUGUAY | D84: Erik Vasta | E84: ITALIA | F84: 3
A85: 1 | B85: ITALIA | C85: URUGUAY | D85: Daniele Pastorelli | E85: ITALIA | F85: 2
A86: 1 | B86: ITALIA | C86: URUGUAY | D86: Andrea Ottaviani | E86: ITALIA | F86: 1
A87: 1 | B87: ITALIA | C87: URUGUAY | D87: Damiano Ferreri | E87: URUGUAY | F87: 1
A88: 1 | B88: ITALIA | C88: URUGUAY | D88: Mario Sperandio | E88: URUGUAY | F88: 1
A89: 1 | B89: ITALIA | C89: URUGUAY
A90: 1 | B90: ITALIA | C90: URUGUAY
A91: 1 | B91: ITALIA | C91: URUGUAY
A92: 1 | B92: USA | C92: NUOVA ZELANDA | D92: Francesco Mariani | E92: USA | F92: 2
A93: 1 | B93: USA | C93: NUOVA ZELANDA | D93: Mario Marroni | E93: USA | F93: 1
A94: 1 | B94: USA | C94: NUOVA ZELANDA | D94: Almir Asani | E94: NUOVA ZELANDA | F94: 1
A95: 1 | B95: USA | C95: NUOVA ZELANDA | D95: Modesto Valeriani | E95: NUOVA ZELANDA | F95: 1
A96: 1 | B96: USA | C96: NUOVA ZELANDA
A97: 1 | B97: USA | C97: NUOVA ZELANDA
A98: 1 | B98: USA | C98: NUOVA ZELANDA
A99: 1 | B99: USA | C99: NUOVA ZELANDA
A100: 1 | B100: USA | C100: NUOVA ZELANDA
...

Sheet 📋 ISTRUZIONI
A1: MONDIALE ESTATE 2026 — GUIDA RAPIDA AL FILE
A3: STRUTTURA DEL TORNEO
A4: 24 nazionali | Girone unico | 5 partite a testa | 60 partite totali
A5: Top 8 → MONDIALE a eliminazione diretta
A6: Dal 9° al 16° → COPPA D'ARGENTO a eliminazione diretta
A7: Dal 17° al 24° → COPPA DI BRONZO a eliminazione diretta
A9: COME INSERIRE I RISULTATI (sheet Risultati)
A10: Colonna GOL (D): gol squadra di casa | Colonna GOL (F): gol trasferta
A11: Lascia vuoto se la partita non si è ancora giocata
A13: COME AGGIORNARE LA CLASSIFICA (sheet Classifica)
A14: Aggiorna G, V, N, P, GF, GS, DR, PTS manualmente dopo ogni giornata
A15: Ordina per PTS decrescente e, a pari punti, per DR decrescente
... A31: Giornata 5: 13 Giugno 2026 | Fase Finale: da decidere
